file,iteration,time,totalwords,uniquewords
reddit_comments_2008.txt,0,14237092400, ,241766
reddit_comments_2008.txt,1,14574923100, ,241766
reddit_comments_2008.txt,2,14750525100, ,241766
reddit_comments_2008.txt,3,14433281500, ,241766
reddit_comments_2008.txt,4,14392701400, ,241766
reddit_comments_2009.txt,0,35714657200, ,455459
reddit_comments_2009.txt,1,35678114100, ,455459
reddit_comments_2009.txt,2,35828772000, ,455459
reddit_comments_2009.txt,3,35762405000, ,455459
reddit_comments_2009.txt,4,35884968200, ,455459
reddit_comments_2010.txt,0,39948812200, ,529281
reddit_comments_2010.txt,1,40108213900, ,529281
reddit_comments_2010.txt,2,43425257800, ,529281
reddit_comments_2010.txt,3,41028273600, ,529281
reddit_comments_2010.txt,4,42086324600, ,529281
reddit_comments_2011.txt,0,39792625200, ,526451
reddit_comments_2011.txt,1,39512411900, ,526451
reddit_comments_2011.txt,2,39638384500, ,526451
reddit_comments_2011.txt,3,40543912200, ,526451
reddit_comments_2011.txt,4,39560936100, ,526451
reddit_comments_2012.txt,0,36481031600, ,531650
reddit_comments_2012.txt,1,37601153300, ,531650
reddit_comments_2012.txt,2,34760506500, ,531650
reddit_comments_2012.txt,3,34387651800, ,531650
reddit_comments_2012.txt,4,34318157200, ,531650
reddit_comments_2013.txt,0,34589565100, ,559485
reddit_comments_2013.txt,1,34544247400, ,559485
reddit_comments_2013.txt,2,34581590100, ,559485
reddit_comments_2013.txt,3,35549397900, ,559485
reddit_comments_2013.txt,4,34968183200, ,559485
reddit_comments_2014.txt,0,36708910600, ,604734
reddit_comments_2014.txt,1,36897874800, ,604734
reddit_comments_2014.txt,2,36723421100, ,604734
reddit_comments_2014.txt,3,36941187600, ,604734
reddit_comments_2014.txt,4,36718662400, ,604734
reddit_comments_2015.txt,0,36446978200, ,668076
reddit_comments_2015.txt,1,36607351500, ,668076
reddit_comments_2015.txt,2,36155423500, ,668076
reddit_comments_2015.txt,3,37178966900, ,668076
reddit_comments_2015.txt,4,39181518300, ,668076
