file,iteration,time,collisions
reddit_comments_2008.txt,0,2685681400,37716
reddit_comments_2008.txt,1,2831437100,37716
reddit_comments_2008.txt,2,2716615200,37716
reddit_comments_2008.txt,3,2722686000,37716
reddit_comments_2008.txt,4,2742127900,37716
reddit_comments_2009.txt,0,7052569200,47621
reddit_comments_2009.txt,1,7010334100,47621
reddit_comments_2009.txt,2,7057402400,47621
reddit_comments_2009.txt,3,7089815000,47621
reddit_comments_2009.txt,4,7058443900,47621
reddit_comments_2010.txt,0,8421480200,63885
reddit_comments_2010.txt,1,8645532400,63885
reddit_comments_2010.txt,2,8490121800,63885
reddit_comments_2010.txt,3,8544188000,63885
reddit_comments_2010.txt,4,8570043000,63885
reddit_comments_2011.txt,0,7565243100,63598
reddit_comments_2011.txt,1,7674617500,63598
reddit_comments_2011.txt,2,7622829200,63598
reddit_comments_2011.txt,3,7653443900,63598
reddit_comments_2011.txt,4,7634570400,63598
reddit_comments_2012.txt,0,6950265600,64761
reddit_comments_2012.txt,1,7135942800,64761
reddit_comments_2012.txt,2,7076747100,64761
reddit_comments_2012.txt,3,7074425500,64761
reddit_comments_2012.txt,4,7059491200,64761
reddit_comments_2013.txt,0,6816976000,71630
reddit_comments_2013.txt,1,6981827900,71630
reddit_comments_2013.txt,2,6979608300,71630
reddit_comments_2013.txt,3,6990675500,71630
reddit_comments_2013.txt,4,7484342300,71630
reddit_comments_2014.txt,0,8034820300,82871
reddit_comments_2014.txt,1,8498883300,82871
reddit_comments_2014.txt,2,8193614100,82871
reddit_comments_2014.txt,3,8206869000,82871
reddit_comments_2014.txt,4,8170034200,82871
reddit_comments_2015.txt,0,8149483700,99258
reddit_comments_2015.txt,1,8122556300,99258
reddit_comments_2015.txt,2,8151716100,99258
reddit_comments_2015.txt,3,8214381900,99258
reddit_comments_2015.txt,4,8057268600,99258
